model,dataset,total,accuracy,exact_match,token_f1,semantic_similarity
Qwen/Qwen3.5-2B,cs_bench,2419,0.4865646961554361,0.07771806531624638,0.08561579736750673,0.26865602125153054
Qwen/Qwen3.5-2B,mmlu_pro_cs,415,0.29156626506024097,0.0,0.0,0.0
Qwen/Qwen3.5-2B,turingq,4006,0.12031952071892162,0.001747378931602596,0.085504878257008,0.4636238633820526
