model,format,total,accuracy,exact_match,token_f1,semantic_similarity
Qwen/Qwen3.5-2B,Multiple-choice,1896,0.5010548523206751,0.0,0.0,0.0
Qwen/Qwen3.5-2B,Open-ended,4944,0.16788025889967637,0.03944174757281554,0.1111725639420657,0.5071108641011236
